{
  "hash": "a3c8ac14",
  "configHash": "ca03edc4",
  "lockfileHash": "15a85acd",
  "browserHash": "3d71a228",
  "optimized": {
    "@angular/common": {
      "src": "../../../../../../node_modules/@angular/common/fesm2022/common.mjs",
      "file": "@angular_common.js",
      "fileHash": "a5de9956",
      "needsInterop": false
    },
    "@angular/common/http": {
      "src": "../../../../../../node_modules/@angular/common/fesm2022/http.mjs",
      "file": "@angular_common_http.js",
      "fileHash": "d617fa6d",
      "needsInterop": false
    },
    "@angular/core": {
      "src": "../../../../../../node_modules/@angular/core/fesm2022/core.mjs",
      "file": "@angular_core.js",
      "fileHash": "48442058",
      "needsInterop": false
    },
    "@angular/forms": {
      "src": "../../../../../../node_modules/@angular/forms/fesm2022/forms.mjs",
      "file": "@angular_forms.js",
      "fileHash": "7d5ea851",
      "needsInterop": false
    },
    "@angular/platform-browser": {
      "src": "../../../../../../node_modules/@angular/platform-browser/fesm2022/platform-browser.mjs",
      "file": "@angular_platform-browser.js",
      "fileHash": "120c4c9f",
      "needsInterop": false
    },
    "@angular/platform-browser/animations/async": {
      "src": "../../../../../../node_modules/@angular/platform-browser/fesm2022/animations/async.mjs",
      "file": "@angular_platform-browser_animations_async.js",
      "fileHash": "28600713",
      "needsInterop": false
    },
    "@angular/router": {
      "src": "../../../../../../node_modules/@angular/router/fesm2022/router.mjs",
      "file": "@angular_router.js",
      "fileHash": "b55ce663",
      "needsInterop": false
    },
    "@primeuix/themes/aura": {
      "src": "../../../../../../node_modules/@primeuix/themes/dist/aura/index.mjs",
      "file": "@primeuix_themes_aura.js",
      "fileHash": "1813f389",
      "needsInterop": false
    },
    "gsap": {
      "src": "../../../../../../node_modules/gsap/index.js",
      "file": "gsap.js",
      "fileHash": "f7e8746c",
      "needsInterop": false
    },
    "gsap/ScrollTrigger": {
      "src": "../../../../../../node_modules/gsap/ScrollTrigger.js",
      "file": "gsap_ScrollTrigger.js",
      "fileHash": "111064ff",
      "needsInterop": false
    },
    "primeng/config": {
      "src": "../../../../../../node_modules/primeng/fesm2022/primeng-config.mjs",
      "file": "primeng_config.js",
      "fileHash": "39bf8cdf",
      "needsInterop": false
    },
    "primeng/tabs": {
      "src": "../../../../../../node_modules/primeng/fesm2022/primeng-tabs.mjs",
      "file": "primeng_tabs.js",
      "fileHash": "9e0b6141",
      "needsInterop": false
    },
    "swiper/element-bundle": {
      "src": "../../../../../../node_modules/swiper/swiper-element-bundle.mjs",
      "file": "swiper_element-bundle.js",
      "fileHash": "3597c906",
      "needsInterop": false
    },
    "zone.js": {
      "src": "../../../../../../node_modules/zone.js/fesm2015/zone.js",
      "file": "zone__js.js",
      "fileHash": "8e8e0816",
      "needsInterop": true
    },
    "rxjs": {
      "src": "../../../../../../node_modules/rxjs/dist/esm5/index.js",
      "file": "rxjs.js",
      "fileHash": "c9f9601c",
      "needsInterop": false
    }
  },
  "chunks": {
    "chunk-UVZH53G7": {
      "file": "chunk-UVZH53G7.js"
    },
    "browser-5C43LIZZ": {
      "file": "browser-5C43LIZZ.js"
    },
    "chunk-EGHSP7A7": {
      "file": "chunk-EGHSP7A7.js"
    },
    "chunk-CNX7QAZT": {
      "file": "chunk-CNX7QAZT.js"
    },
    "chunk-VZAKJY53": {
      "file": "chunk-VZAKJY53.js"
    },
    "chunk-3D5ZY23B": {
      "file": "chunk-3D5ZY23B.js"
    },
    "chunk-ZH6LALFQ": {
      "file": "chunk-ZH6LALFQ.js"
    },
    "chunk-OSBDWSLJ": {
      "file": "chunk-OSBDWSLJ.js"
    },
    "chunk-3KKC7HMJ": {
      "file": "chunk-3KKC7HMJ.js"
    },
    "chunk-WDMUDEB6": {
      "file": "chunk-WDMUDEB6.js"
    }
  }
}